{"chunk_definitions":[{"chunk_id":"csetup_chunk","chunk_label":"setup","document_id":"79463722","expansion_state":0,"options":{"engine":"r","include":false,"label":"setup"},"row":12,"row_count":1,"visible":true},{"chunk_id":"c1h1xwdi4owhn","chunk_label":"unnamed-chunk-1","document_id":"79463722","expansion_state":0,"options":{"collapse":true,"engine":"r","label":"loading_libraries"},"row":38,"row_count":1,"visible":true},{"chunk_id":"cb7ge4ie8qzpm","chunk_label":"unnamed-chunk-2","document_id":"79463722","expansion_state":0,"options":{"engine":"r","label":"unnamed-chunk-4","warning":false},"row":52,"row_count":1,"visible":true},{"chunk_id":"cgjckvgu29yd8","chunk_label":"unnamed-chunk-3","document_id":"79463722","expansion_state":0,"options":{"engine":"r","label":"unnamed-chunk-5"},"row":60,"row_count":1,"visible":true},{"chunk_id":"ca30xuoac28e2","chunk_label":"unnamed-chunk-4","document_id":"79463722","expansion_state":0,"options":{"engine":"r","label":"unnamed-chunk-14"},"row":106,"row_count":1,"visible":true},{"chunk_id":"cz4qqgcbzqpy9","chunk_label":"unnamed-chunk-5","document_id":"79463722","expansion_state":0,"options":{"engine":"r","label":"unnamed-chunk-15"},"row":116,"row_count":1,"visible":true},{"chunk_id":"cl1d8bvizyroi","chunk_label":"unnamed-chunk-6","document_id":"79463722","expansion_state":0,"options":{"engine":"r","label":"unnamed-chunk-25"},"row":141,"row_count":1,"visible":true},{"chunk_id":"c47skmegvxlah","chunk_label":"unnamed-chunk-7","document_id":"79463722","expansion_state":0,"options":{"engine":"r","label":"unnamed-chunk-26"},"row":153,"row_count":1,"visible":true},{"chunk_id":"ciq3hswr1xgdr","chunk_label":"unnamed-chunk-8","document_id":"79463722","expansion_state":0,"options":{"engine":"r","label":"unnamed-chunk-27"},"row":160,"row_count":1,"visible":true},{"chunk_id":"c98shtxpqa3bv","chunk_label":"unnamed-chunk-9","document_id":"79463722","expansion_state":0,"options":{"engine":"r","label":"unnamed-chunk-34"},"row":175,"row_count":1,"visible":true},{"chunk_id":"csfgl5dvvzz3m","chunk_label":"unnamed-chunk-10","document_id":"79463722","expansion_state":0,"options":{"engine":"r","label":"unnamed-chunk-60"},"row":219,"row_count":1,"visible":true},{"chunk_id":"c4s053p7mmxsq","chunk_label":"unnamed-chunk-11","document_id":"79463722","expansion_state":0,"options":{"engine":"r","label":"unnamed-chunk-61"},"row":225,"row_count":1,"visible":true},{"chunk_id":"cofcehenwdtzn","chunk_label":"unnamed-chunk-12","document_id":"79463722","expansion_state":0,"options":{"engine":"r","label":"unnamed-chunk-50"},"row":271,"row_count":1,"visible":true},{"chunk_id":"c6n71enkjmcx3","chunk_label":"unnamed-chunk-13","document_id":"79463722","expansion_state":0,"options":{"engine":"r","label":"unnamed-chunk-58"},"row":315,"row_count":1,"visible":true}],"default_chunk_options":{"echo":true,"error":false},"doc_write_time":1538525322,"working_dir":null}