{"chunk_definitions":[{"chunk_id":"cxu0vsa96mnre","chunk_label":"unnamed-chunk-1","document_id":null,"expansion_state":0,"options":[],"row":16,"row_count":1,"visible":true},{"chunk_id":"cdg0f0di8szma","chunk_label":"unnamed-chunk-2","document_id":null,"expansion_state":0,"options":[],"row":22,"row_count":1,"visible":true},{"chunk_id":"cxq4ex1k9yhf7","chunk_label":"unnamed-chunk-3","document_id":null,"expansion_state":0,"options":[],"row":32,"row_count":1,"visible":true},{"chunk_id":"coddopk1jgf1k","chunk_label":"unnamed-chunk-4","document_id":null,"expansion_state":0,"options":[],"row":49,"row_count":1,"visible":true},{"chunk_id":"c6wfizmejf0kd","chunk_label":"unnamed-chunk-5","document_id":null,"expansion_state":0,"options":[],"row":82,"row_count":1,"visible":true},{"chunk_id":"codt8oi2sfmzw","chunk_label":"unnamed-chunk-6","document_id":null,"expansion_state":0,"options":[],"row":94,"row_count":1,"visible":true},{"chunk_id":"cqoqw8ly55muy","chunk_label":"unnamed-chunk-7","document_id":null,"expansion_state":0,"options":[],"row":105,"row_count":1,"visible":true},{"chunk_id":"cwvdq9x31xez0","chunk_label":"unnamed-chunk-8","document_id":null,"expansion_state":0,"options":[],"row":144,"row_count":1,"visible":true},{"chunk_id":"cw0p421g3hqiq","chunk_label":"unnamed-chunk-9","document_id":null,"expansion_state":0,"options":[],"row":155,"row_count":1,"visible":true},{"chunk_id":"cg3ci5hyhve7e","chunk_label":"unnamed-chunk-10","document_id":null,"expansion_state":0,"options":[],"row":162,"row_count":1,"visible":true},{"chunk_id":"c6re2yq2uc3y6","chunk_label":"unnamed-chunk-11","document_id":null,"expansion_state":0,"options":[],"row":174,"row_count":1,"visible":true},{"chunk_id":"c83chqty99aeq","chunk_label":"unnamed-chunk-12","document_id":null,"expansion_state":0,"options":[],"row":190,"row_count":1,"visible":true},{"chunk_id":"c1a35wl1jko4x","chunk_label":"unnamed-chunk-13","document_id":null,"expansion_state":0,"options":[],"row":212,"row_count":1,"visible":true},{"chunk_id":"c0vxyaq6fhm6m","chunk_label":"unnamed-chunk-14","document_id":null,"expansion_state":0,"options":[],"row":228,"row_count":1,"visible":true},{"chunk_id":"cqaqy0t2g0tcd","chunk_label":"unnamed-chunk-15","document_id":null,"expansion_state":0,"options":[],"row":242,"row_count":1,"visible":true},{"chunk_id":"cw2wzhdxdjakn","chunk_label":"unnamed-chunk-16","document_id":null,"expansion_state":0,"options":[],"row":249,"row_count":1,"visible":true},{"chunk_id":"cs15n6tx9r20d","chunk_label":"unnamed-chunk-17","document_id":null,"expansion_state":0,"options":[],"row":270,"row_count":1,"visible":true},{"chunk_id":"cic5gt820ea2c","chunk_label":"unnamed-chunk-18","document_id":null,"expansion_state":0,"options":[],"row":283,"row_count":1,"visible":true},{"chunk_id":"ch30ao29gfbae","chunk_label":"unnamed-chunk-19","document_id":null,"expansion_state":0,"options":[],"row":297,"row_count":1,"visible":true},{"chunk_id":"ceojy22zydah5","chunk_label":"unnamed-chunk-20","document_id":null,"expansion_state":0,"options":[],"row":307,"row_count":1,"visible":true},{"chunk_id":"chs6x407tac51","chunk_label":"unnamed-chunk-21","document_id":null,"expansion_state":0,"options":[],"row":319,"row_count":1,"visible":true},{"chunk_id":"ck7cphne86muh","chunk_label":"unnamed-chunk-22","document_id":null,"expansion_state":0,"options":[],"row":325,"row_count":1,"visible":true},{"chunk_id":"cvi83a9kqk2gv","chunk_label":"unnamed-chunk-23","document_id":null,"expansion_state":0,"options":[],"row":333,"row_count":1,"visible":true},{"chunk_id":"c9axr13fqn4q5","chunk_label":"unnamed-chunk-24","document_id":null,"expansion_state":0,"options":[],"row":346,"row_count":1,"visible":true},{"chunk_id":"cvzi12a5jgwoc","chunk_label":"unnamed-chunk-25","document_id":null,"expansion_state":0,"options":[],"row":367,"row_count":1,"visible":true}],"doc_write_time":1539028602}