{"chunk_definitions":[{"chunk_id":"cxu0vsa96mnre","expansion_state":0,"options":[],"row":16,"row_count":1,"visible":true},{"chunk_id":"cdg0f0di8szma","expansion_state":0,"options":[],"row":22,"row_count":1,"visible":true},{"chunk_id":"cxq4ex1k9yhf7","expansion_state":0,"options":[],"row":32,"row_count":1,"visible":true},{"chunk_id":"coddopk1jgf1k","expansion_state":0,"options":[],"row":49,"row_count":1,"visible":true},{"chunk_id":"c6wfizmejf0kd","expansion_state":0,"options":[],"row":82,"row_count":1,"visible":true},{"chunk_id":"codt8oi2sfmzw","expansion_state":0,"options":[],"row":94,"row_count":1,"visible":true},{"chunk_id":"cqoqw8ly55muy","expansion_state":0,"options":[],"row":105,"row_count":1,"visible":true},{"chunk_id":"cwvdq9x31xez0","expansion_state":0,"options":[],"row":144,"row_count":1,"visible":true},{"chunk_id":"cw0p421g3hqiq","expansion_state":0,"options":[],"row":155,"row_count":1,"visible":true},{"chunk_id":"cg3ci5hyhve7e","expansion_state":0,"options":[],"row":162,"row_count":1,"visible":true},{"chunk_id":"c6re2yq2uc3y6","expansion_state":0,"options":[],"row":174,"row_count":1,"visible":true},{"chunk_id":"c83chqty99aeq","expansion_state":0,"options":[],"row":190,"row_count":1,"visible":true},{"chunk_id":"c1a35wl1jko4x","expansion_state":0,"options":[],"row":212,"row_count":1,"visible":true},{"chunk_id":"c0vxyaq6fhm6m","expansion_state":0,"options":[],"row":228,"row_count":1,"visible":true},{"chunk_id":"cqaqy0t2g0tcd","expansion_state":0,"options":[],"row":242,"row_count":1,"visible":true},{"chunk_id":"cw2wzhdxdjakn","expansion_state":0,"options":[],"row":249,"row_count":1,"visible":true},{"chunk_id":"cs15n6tx9r20d","expansion_state":0,"options":[],"row":270,"row_count":1,"visible":true},{"chunk_id":"cic5gt820ea2c","expansion_state":0,"options":[],"row":283,"row_count":1,"visible":true},{"chunk_id":"ch30ao29gfbae","expansion_state":0,"options":[],"row":297,"row_count":1,"visible":true},{"chunk_id":"ceojy22zydah5","expansion_state":0,"options":[],"row":307,"row_count":1,"visible":true},{"chunk_id":"chs6x407tac51","expansion_state":0,"options":[],"row":319,"row_count":1,"visible":true},{"chunk_id":"ck7cphne86muh","expansion_state":0,"options":[],"row":325,"row_count":1,"visible":true},{"chunk_id":"cvi83a9kqk2gv","expansion_state":0,"options":[],"row":333,"row_count":1,"visible":true},{"chunk_id":"c9axr13fqn4q5","expansion_state":0,"options":[],"row":346,"row_count":1,"visible":true},{"chunk_id":"cvzi12a5jgwoc","expansion_state":0,"options":[],"row":367,"row_count":1,"visible":true},{"chunk_id":"c9wf8ykv2ia7w","expansion_state":0,"options":[],"row":371,"row_count":1,"visible":true}],"doc_write_time":1539028610}
