{"chunk_definitions":[{"chunk_id":"csetup_chunk","chunk_label":"setup","document_id":"79463722","expansion_state":0,"options":{"engine":"r","include":false,"label":"setup"},"row":10,"row_count":1,"visible":true},{"chunk_id":"c1h1xwdi4owhn","chunk_label":"unnamed-chunk-1","document_id":"79463722","expansion_state":0,"options":{"collapse":true,"engine":"r","label":"loading_libraries"},"row":36,"row_count":1,"visible":true},{"chunk_id":"cb7ge4ie8qzpm","chunk_label":"unnamed-chunk-2","document_id":"79463722","expansion_state":0,"options":{"engine":"r","label":"unnamed-chunk-4","warning":false},"row":50,"row_count":1,"visible":true},{"chunk_id":"ca30xuoac28e2","chunk_label":"unnamed-chunk-4","document_id":"79463722","expansion_state":0,"options":{"engine":"r","label":"unnamed-chunk-14"},"row":104,"row_count":1,"visible":true},{"chunk_id":"cz4qqgcbzqpy9","chunk_label":"unnamed-chunk-5","document_id":"79463722","expansion_state":0,"options":{"engine":"r","label":"unnamed-chunk-15"},"row":114,"row_count":1,"visible":true},{"chunk_id":"cl1d8bvizyroi","chunk_label":"unnamed-chunk-6","document_id":"79463722","expansion_state":0,"options":{"engine":"r","label":"unnamed-chunk-25"},"row":139,"row_count":1,"visible":true},{"chunk_id":"c47skmegvxlah","chunk_label":"unnamed-chunk-7","document_id":"79463722","expansion_state":0,"options":{"engine":"r","label":"unnamed-chunk-26"},"row":151,"row_count":1,"visible":true},{"chunk_id":"c98shtxpqa3bv","chunk_label":"unnamed-chunk-9","document_id":"79463722","expansion_state":0,"options":{"engine":"r","label":"unnamed-chunk-34"},"row":173,"row_count":1,"visible":true},{"chunk_id":"csfgl5dvvzz3m","chunk_label":"unnamed-chunk-10","document_id":"79463722","expansion_state":0,"options":{"engine":"r","label":"unnamed-chunk-60"},"row":217,"row_count":1,"visible":true},{"chunk_id":"c4s053p7mmxsq","chunk_label":"unnamed-chunk-11","document_id":"79463722","expansion_state":0,"options":{"engine":"r","label":"unnamed-chunk-61"},"row":223,"row_count":1,"visible":true},{"chunk_id":"cofcehenwdtzn","chunk_label":"unnamed-chunk-12","document_id":"79463722","expansion_state":0,"options":{"engine":"r","label":"unnamed-chunk-50"},"row":269,"row_count":1,"visible":true},{"chunk_id":"c6n71enkjmcx3","chunk_label":"unnamed-chunk-13","document_id":"79463722","expansion_state":0,"options":{"engine":"r","label":"unnamed-chunk-58"},"row":313,"row_count":1,"visible":true}],"default_chunk_options":{"echo":true,"error":false},"doc_write_time":1538527725,"working_dir":null}