{"chunk_definitions":[{"chunk_id":"csetup_chunk","chunk_label":"setup","document_id":"79463722","expansion_state":0,"options":{"engine":"r","include":false,"label":"setup"},"row":12,"row_count":1,"visible":true},{"chunk_id":"cb7ge4ie8qzpm","chunk_label":"unnamed-chunk-2","document_id":"79463722","expansion_state":0,"options":{"engine":"r","label":"unnamed-chunk-1","warning":false},"row":50,"row_count":1,"visible":true},{"chunk_id":"cht6kl2kfgjhr","chunk_label":"unnamed-chunk-3","document_id":"79463722","expansion_state":0,"options":{"engine":"r","label":"unnamed-chunk-3"},"row":58,"row_count":1,"visible":true},{"chunk_id":"ca30xuoac28e2","chunk_label":"unnamed-chunk-4","document_id":"79463722","expansion_state":0,"options":{"engine":"r","label":"unnamed-chunk-9"},"row":94,"row_count":1,"visible":true},{"chunk_id":"cz4qqgcbzqpy9","chunk_label":"unnamed-chunk-5","document_id":"79463722","expansion_state":0,"options":{"engine":"r","label":"unnamed-chunk-10"},"row":102,"row_count":1,"visible":true},{"chunk_id":"cl1d8bvizyroi","chunk_label":"unnamed-chunk-6","document_id":"79463722","expansion_state":0,"options":{"engine":"r","label":"unnamed-chunk-12"},"row":116,"row_count":1,"visible":true},{"chunk_id":"c47skmegvxlah","chunk_label":"unnamed-chunk-7","document_id":"79463722","expansion_state":0,"options":{"engine":"r","label":"unnamed-chunk-13"},"row":125,"row_count":1,"visible":true},{"chunk_id":"caayflh7lg31h","chunk_label":"unnamed-chunk-9","document_id":"79463722","expansion_state":0,"options":{"engine":"r","label":"unnamed-chunk-14"},"row":141,"row_count":1,"visible":true},{"chunk_id":"c4s053p7mmxsq","chunk_label":"unnamed-chunk-11","document_id":"79463722","expansion_state":0,"options":{"engine":"r","label":"unnamed-chunk-30"},"row":170,"row_count":1,"visible":true},{"chunk_id":"cofcehenwdtzn","chunk_label":"unnamed-chunk-12","document_id":"79463722","expansion_state":0,"options":{"engine":"r","label":"unnamed-chunk-39"},"row":205,"row_count":1,"visible":true},{"chunk_id":"c6n71enkjmcx3","chunk_label":"unnamed-chunk-13","document_id":"79463722","expansion_state":0,"options":{"engine":"r","label":"unnamed-chunk-45"},"row":225,"row_count":1,"visible":true}],"default_chunk_options":{"echo":true,"error":false},"doc_write_time":1538512196,"working_dir":null}